title,answer
"Florida man tried robbing Waffle House with finger guns, sheriff says (Oldie, but goodie)",Tell me a story about a Florida man and his unconventional attempt at robbing a Waffle House.
"Urine trouble: Florida man takes leak in store‚Äôs ‚Äòbeer cave,‚Äô police say",Tell me a story about a Florida man and a beer cave.
Dog Poop Links Florida Man to Robbery,Tell me a story about a Florida man and a case of mistaken identity.
Florida Woman offers ex-husband in home sale: He'll cook and clean,Tell me a story about a Florida woman and her unique offer to her ex-husband in a home sale.
"20 lb bobcat channels Florida Man, says ""not in my swamp, asshole"" to 120 lb invasive Burmese python, eats her eggs",Tell me a story about a bobcat and a Burmese python in Florida.
Two Florida Man fishing expedition arrested after bomb squad disarms explosive in their vehicle,Tell me a story about two Florida men on a fishing expedition and a bomb squad.
"Florida Man, With Six Prior DUI's, Arrested For DUI Again After Crash With Suspended License",Tell me a story about a Florida man with a history of DUIs and a suspended license.
"Florida Man, World War II veteran dies at 96, leaves $63-million to Tampa Bay charities",Tell me a story about a generous Florida man and his philanthropic legacy.
Florida man wrongfully convicted for 3 decades on his release: ‚ÄòI never stopped believing‚Äô,Tell me a story about a Florida man who was wrongfully convicted for three decades.
Florida woman wants off jury duty because of her sugar daddy,Tell me a story about a Florida woman and her sugar daddy.
Florida man gets 2 years in prison for golf cart thefts,Tell me a story about a Florida man and his golf cart thefts.
"Tampa area Florida man behind the wheel of a driving school‚Äôs car was twice the DUI limit, FHP says",Tell me a story about a Florida man and a driving school's car.
Florida man attempts comedy without originality,Tell me a story about a Florida man trying to be funny but lacking originality.
"Florida Man Awarded $5,000 For Grilling One Million Steaks",Tell me a story about a Florida man and his impressive grilling skills.
"Florida man accused of masturbating in front of children says he was adjusting hernia, police say",Tell me a story about a Florida man and an unusual excuse for inappropriate behavior.
Florida Man Dies After Hitting 11-foot Alligator on Roadway,Tell me a story about a Florida man and an encounter with an alligator on the roadway.
Florida Bride Serves THC-Infused Food at Wedding Without Telling Guests Before They Eat It,Tell me a story about a Florida bride and her unconventional wedding menu.
Florida Man Stabbed with Swordfish in Fight! (EPIC),Tell me a story about a Florida man and a swordfish fight.
FLORIDA DOES IT BETTER (Almost 1k subs),Tell me a story about something that Florida does better than anyone else.
"Florida Woman Arrested With Stolen Credit Card To Make Store Purchases, Uses Her Own Rewards During Fraud",Tell me a story about a Florida woman and a stolen credit card.
"Shirtless Florida Man accused of breaking into restaurant to steal lava cake, cobbler &amp; ice cream",Tell me a story about a shirtless Florida man and his unusual food cravings.
"New developments in Florida court filings 'not good for Florida Man, Matt Gaetz says former federal prosecutor",Tell me a story about Florida Man and a scandalous court case.
"""The American Dream,"" World's Longest Limo, Restored by Florida Man",Tell me a story about a Florida man and a restored limousine.
"Threats to Congress get Florida man 1 year, 3 months in prison",Tell me a story about a Florida man and his threats to Congress.
Florida man dies after crashing his car into an 11-foot alligator,Tell me a story about a Florida man and a fatal encounter with an alligator.
Republican Florida House members vote against own bill over 'school prayer' red herring | Cerabino,Tell me a story about Republican Florida House members and a controversial bill.
"A Florida man died after striking an 11-foot alligator while driving in the middle of the night, authorities say",Tell me a story about a Florida man and an encounter with an alligator while driving at night.
Florida man... does.. good? üëèüëè,Tell me a story about a Florida man doing something positive and commendable.
"Florida Man Arrested After Deputies Find Guns, Drugs, Gator In A 'Tub' During Traffic Stop","Tell me a story about a Florida man, guns, drugs, and a surprise discovery during a traffic stop."
"Florida Man speeding 151 mph before hitting SUV, killing 6 people, authorities say",Tell me a story about a Florida man and a tragic car accident.
"Florida Man attempts to cut, then saw off, ankle monitor",Tell me a story about a Florida man and his ankle monitor.
"Florida man accused of tackling deputy, kissing stepsister, attacking parents",Tell me a story about a Florida man and his chaotic family dynamics.
Florida man's 'Putin made me do it' excuse for speeding doesn't work with traffic cop,Tell me a story about a Florida man and a speeding ticket.
Florida man posing as cabbie rapes passenger: report,Tell me a story about a Florida man pretending to be a taxi driver and committing a crime.
"Florida man crushed to death by bulldozer while using porta-potty, authorities say",Tell me a story about a Florida man and a porta-potty accident.
"Florida Man involved in motorcycle crash had BAC of .308, police say https://www.fox13news.com/news/largo-driver-involved-in-motorcycle-crash-had-bac-of-308-police-say",Tell me a story about a Florida man and a motorcycle crash with a high BAC.
"Florida Woman Sues Russian President Vladimir Putin, Wants His Ousted Over Nuclear War Threats",Tell me a story about a Florida woman and her lawsuit against Vladimir Putin.
Florida man behind bars for allegedly going more than 100 mph to impress girlfriend,Tell me a story about a Florida man and his need for speed.
"Florida Woman Gets 6 Years Using Bitcoin, Dark Web To Hire Hitman To Kill Ex-Boyfriends Wife",Tell me a story about a Florida woman using Bitcoin and the dark web to hire a hitman.
Florida woman used cat to batter girlfriend,Tell me a story about a Florida woman and her unusual use of a cat.
"Florida Man Wanted For Stealing $4,300 Worth Of Oil Of Olay Product From Walgreens",Tell me a story about a Florida man and his obsession with skincare products.
Florida man who took Pelosi‚Äôs lectern in Capitol riot is hosting ‚Äògoing to prison‚Äô party,Tell me a story about a Florida man and a stolen lectern.
Florida woman and caterer charged with lacing wedding food with cannabis,Tell me a story about a Florida woman and a caterer.
"Florida Woman, teacher, single mother of 3 gets home courtesy of Habitat for Humanity","Tell me a story about a Florida woman who is a teacher, a single mother of three, and receives a new home through Habitat for Humanity."
Florida mom threatens to ‚Äòblow up‚Äô school because son wasn‚Äôt fed enough at cafeteria,Tell me a story about a Florida mom and a school cafeteria incident.
Floridaman doesn't understand drawbridge,Tell me a story about a Florida man and a drawbridge.
Florida Man And Woman Arrested After Trying To Spend Fake Money At A Dollar General,Tell me a story about a Florida man and woman who try to spend fake money at a Dollar General.
"Fox News: Florida man dead, model lover found soaked in blood.",Tell me a story about a Florida man and his model lover.
"Florida Man arrested after guns, drugs and alligator found in pickup truck",Tell me a story about a Florida man and his unusual cargo in a pickup truck.
"Clearwater police charge Florida Woman teacher with DUI after finding 6 vodka bottles in car, affidavit says",Tell me a story about a Florida woman teacher and her car filled with vodka bottles.
Florida man arrested in attempted kidnapping of child bonds out of jail NewYou can listen to the Gadget Clock article now! A Florida man arrested earlier this week for trying to abduct a child caught in broad daylight in Orlando was released on bond on Wednesday.,Tell me a story about a Florida man and an attempted kidnapping.
"Florida Man accused of grabbing student by neck, slamming him to ground, deputies say",Tell me a story about a Florida man and a violent altercation with a student.
Florida Woman bride and wedding caterer serve drug-laced food to guests,Tell me a story about a Florida woman and a wedding gone wrong.
"Florida man attempts to cut, then saw off, ankle monitor",Tell me a story about a Florida man and an ankle monitor.
Florida man wakes up to find home gone in tornado,Tell me a story about a Florida man and a tornado.
"Appeals Court Upholds Conviction Of Florida Man That Robbed Coin Laundry, Fled With Loot In Plastic Pumpkin",Tell me a story about a Florida man and a plastic pumpkin robbery.
"Florida Man arrested after baby alligator, syringes of meth and guns allegedly found during Collier County traffic stop","Tell me a story about a Florida man, a baby alligator, syringes of meth, and guns."
Florida Woman and Caterer allegedly served Cannabis-laced Food to unknowing guests on her Wedding,Tell me a story about a Florida woman and a caterer serving cannabis-laced food at a wedding.
Armed Florida Woman Walmart shopper being tased by Marion County deputy,Tell me a story about an armed Florida woman and a Walmart shopper being tased by a Marion County deputy.
Florida man dead after friends wearing body armor take turns shooting each other,Tell me a story about a group of friends in Florida and their dangerous game.
"Alligator crawls under Florida man‚Äôs truck at red light, then shakes it from beneath",Tell me a story about a Florida man and an encounter with an alligator under his truck.
Florida Man Ex-brokers from Broward found guilty of fraud,Tell me a story about ex-brokers from Broward and fraud in Florida.
florida man turns himself in for killing imaginary friend,Tell me a story about a Florida man and his imaginary friend.
Karma: Drunk Florida Man Shoots Himself In The Groin With Stolen Gun While Trying To Burglarize Cars,Tell me a story about a drunk Florida man and a stolen gun.
"Florida Man - Tax Preparer Pleads Guilty To Aiding In False Tax Returns, Refunds In Excess Of $1,500,000",Tell me a story about a Florida man who aids in false tax returns and refunds.
Florida man killed in crash after hitting 11-foot alligator on roadway,Tell me a story about a Florida man and an encounter with an alligator on the roadway.
Florida man arrested for allegedly masturbating on a flight to Boston,Tell me a story about a Florida man and an inappropriate act on a flight to Boston.
Florida Man that brutally killed a service dog is arrested and jailed.,Tell me a story about a Florida man and a service dog.
"Florida Man Arrested After Baby Alligator, Guns, Drugs Found Inside Truck",Tell me a story about a Florida man and a truck filled with unexpected items.
"Florida Man Runs From Deputies, 25 Feet Up A Tree With Some Loose Boots",Tell me a story about a Florida man and his daring escape from deputies.
"Florida Woman Wins $1,000,000 On $50 500X The Cash Lottery Scratch-Off",Tell me a story about a Florida woman and a life-changing lottery win.
Florida Man Disrupts Kids Tests By Blaring Music.,Tell me a story about a Florida man causing chaos during a school exam.
Florida Man . Dep‚Äôt of Education rejects 54 math textbooks; Gov. DeSantis points to ‚Äúindoctrination‚Äù,Tell me a story about Florida Man and the rejection of math textbooks by the Department of Education.
Florida Woman Walmart shopper detained by officers after threatening people with a knife and brick,Tell me a story about a Florida woman causing a disturbance at Walmart.
Florida man led deputies on chase after driving drunk through crime scene,Tell me a story about a Florida man and a drunken crime scene chase.
Florida Man uses dog as a deadly weapon to attempt ATM robberies,Tell me a story about a Florida man and his unusual method of attempting ATM robberies.
Florida man dies after crashing into alligator.,Tell me a story about a Florida man and an encounter with an alligator.
"Florida man watches 'Spider-Man' movie 292 times, setting new world record",Tell me a story about a Florida man and his obsession with Spider-Man.
"Florida Man trials of ""Home Guard Alligator"" system suspended until further notice.","Tell me a story about a Florida man and his ""Home Guard Alligator"" system."
"Mostly Nude Florida Woman Airbnb Renter ""is a narcotics user with a history of violent, erratic behavior and keeps 'a collection of butcher knives'‚Äù in her room",
Florida woman threatens to blow up her son‚Äôs high school because he wasn‚Äôt being fed enough food in cafeteria,Tell me a story about a Florida woman and her son's high school cafeteria.
Florida man is ending Disney's special tax district. Here's what comes next,Tell me a story about a Florida man and the end of Disney's special tax district.
Competency evaluation filed for Florida woman who ran naked through Aldi parking lot,Tell me a story about a Florida woman and her unusual behavior in a public place.
2 Florida Men of The Villages admit to voting twice in 2020 election,Tell me a story about two Florida men and their involvement in the 2020 election.
Florida Woman stuck in Florida wetlands rescued by helicopter,Tell me a story about a Florida woman and a helicopter rescue in the wetlands.
Florida man blames Putin on speeding.,Tell me a story about a Florida man and his unusual excuse for speeding.
Florida man discovers trick to easy oil changes that mechanics will hate!!!!!,Tell me a story about a Florida man and his clever solution for oil changes that mechanics won't be happy about.
Florida Woman arrested after spinning child in dryer,Tell me a story about a Florida woman and a child in a dryer.
"Florida Man Nicknamed ""Fudge"" Jailed After Beating Up Mom, Calling Her For Bail Money","Tell me a story about a Florida man nicknamed ""Fudge"" and his troubled relationship with his mother."
Florida man charged in DUI crash involving 8 vehicles,Tell me a story about a Florida man and a series of car crashes.
Florida Mom &amp; Florida Man Wants Answers After Microsoft Exec Husband Gunned Down In Front Of 2-year-old - Gadget Clock A devastated widow begs for public help after she shot and killed her young Microsoft executive husband in front of their 2-year-old daughter in a high-rise suburb of North Florida.,Tell me a story about a devastated widow in North Florida.
"Florida Man Trifecta: Guns, Gators &amp; Meth!","Tell me a story about a Florida man involving guns, alligators, and meth."
Florida Man Sheriff says householders should shoot burglars to save money,Tell me a story about a Florida man and the importance of self-defense.
Florida man who threatened to behead AOC and Pelosi sentenced to 18 months in prison,Tell me a story about a Florida man and his threats towards AOC and Pelosi.
Florida Man Pleads Guilty To Possession Of A Ghost Machinegun,Tell me a story about a Florida man and a ghost machinegun.
"Florida man steals $600,000 in cryptocurrency while installing security system at elderly person's house",Tell me a story about a Florida man and a stolen cryptocurrency.
Florida man charged with hate crimes for 'racially-motivated' attack against Black driver,Tell me a story about a Florida man and a racially-motivated attack.
Florida Man dies after crashing into 11 foot alligator,Tell me a story about a Florida man and an encounter with an alligator.
Florida Sheriff Tells Residents To Shoot Home Invaders: 'We prefer that you do' And Promotes Gun Safety Courses For Homeowners,Tell me a story about a Florida sheriff and home invasions.
"Florida Woman To Pay Off Her Mom's House After Winning $1,000,000 On Scratch-Off",Tell me a story about a Florida woman who wins a large sum of money and decides to help her mother.
Lovelorn Florida Woman enters plea in intoxicated outburst in The Villages,Tell me a story about a lovelorn Florida woman and an intoxicated outburst in The Villages.
Reward Offered for Central Florida Man Wanted on Charges from the U.S. Capitol Breach | Federal Bureau of Investigation,Tell me a story about a central Florida man wanted for charges from the U.S. Capitol breach.
Florida Man &amp; pilot delivers water purifiers to Ukraine,Tell me a story about a Florida man and a pilot delivering water purifiers to Ukraine.
"Florida Man shows gun on Instagram, faces 10-year sentence‚Ä¶",Tell me a story about a Florida man and his Instagram post.
UPDATE Florida man captured in Sunbury on kidnapping charges,Tell me a story about a Florida man and a kidnapping in Sunbury.
"20-pound Florida Bobcat says ""not in my swamp, asshole""; challenges 120 lb. invasive Burmese python and eats her eggs",Tell me a story about a Florida bobcat and a Burmese python.
Florida Man Arrested For Narcotics After Eating And Flushing Some,Tell me a story about a Florida man and his unusual method of disposing of narcotics.
"Florida woman accused of stalking, harassing former boss to get her old job back",Tell me a story about a Florida woman and her relentless pursuit of her old job.
Florida is ending Disney's special tax district. Here's what comes next,Tell me a story about the end of Disney's special tax district in Florida.
"Florida woman arrested after 'gut-wrenching' video shows her slapping baby, police say",Tell me a story about a Florida woman and a disturbing video.
"Florida Man cybersecurity analyst steals nearly $600,000 in cryptocurrency from client, police say",Tell me a story about a Florida man and a cybersecurity analyst.
"Police arrest Florida man found with guns, drugs and a baby alligator during traffic stop","Tell me a story about a Florida man, guns, drugs, and a baby alligator."
Florida woman uses 4-month-old as a shield during SWAT standoff,Tell me a story about a Florida woman and a SWAT standoff.
"Florida Woman Wins $2,000,000 Top Prize On $10 Scratch-Off Ticket",Tell me a story about a Florida woman and a life-changing lottery win.
"Florida Man and his buddies were taking turns shooting at each other wearing body armor. (If this isn‚Äôt the DUMBEST I‚Äôve ever heard of in my LIFE!!!! (I‚Äôm 26, so dumber things are probably coming lol)",Tell me a story about a group of friends in Florida and their dangerous game.
"Florida Man stabbed wife, left bag on infant‚Äôs head, police say",Tell me a story about a Florida man and a horrifying crime.
"Florida man, sister-in-law fight off attempted robbers on street: 'WWE stuff'",Tell me a story about a Florida man and his sister-in-law fighting off attempted robbers on the street.
Florida man crashes twice in parking lot while carjacking car.,Tell me a story about a Florida man and his carjacking adventures in a parking lot.
Florida sheriff encourages people to shoot burglars to ‚Äòsave the taxpayers money‚Äô,Tell me a story about a Florida sheriff and their controversial statement.
Florida boy shot and killed as him and friend took turns shooting each other while in body armor,Tell me a story about a Florida boy and a dangerous game.
Florida Man Sets New Record by Seeing Spider-Man: No Way Home 292 Times,Tell me a story about a Florida man and his obsession with Spider-Man: No Way Home.
Florida Man Hides In Canal From Deputies And K-9 After Burglary,Tell me a story about a Florida man hiding in a canal from deputies and K-9 after a burglary.
"Florida Man, 20, Filmed Sexually Assaulting 'Family Dog' with 'His Tongue ... and Fingers': Court Doc",Tell me a story about a Florida man and a disturbing act involving a family pet.
Florida school teacher popping Molly in class!,Tell me a story about a Florida school teacher and their unusual behavior in class.
Florida man arrested after stealing a crossbow by stuffing it down his trousers | US News,Tell me a story about a Florida man and a stolen crossbow.
"Florida Man boy dies after Florida teens take turns shooting at each other wearing armored vest, police say",Tell me a story about Florida teens and a tragic accident.
"Florida Man Used Cutting Board To Fatally Bludgeon Neighbor, Detectives Say",Tell me a story about a Florida man and a deadly altercation with his neighbor.
Florida Man still thinks he's superior to Tampa Man,Tell me a story about Florida Man and Tampa Man's rivalry.
Florida man gets himself arrested for rape after entering own DNA in a genealogical database,Tell me a story about a Florida man and a genealogical database.
Lost Elderly Florida Man ends up 196 miles from home,Tell me a story about a lost elderly man in Florida.
Clearwater police charge Florida woman teacher with DUI after finding 6 vodka bottles in car,Tell me a story about a Florida woman teacher and her car filled with vodka bottles.
"Florida Man who writes for Big Mouth says, ‚ÄúIf I love shitting on Florida, but want to be specific, I start cycling through the cities there and very quickly I‚Äôm going to land on Tampa‚Äô",Tell me a story about a Florida man who loves to criticize cities in Florida.
Florida man cop smiles for mug shot after getting arrested on DUI charge,Tell me a story about a Florida man and his mug shot after being arrested for a DUI charge.
"Florida Man accused of exposing himself, Masturbating at Wawa gas station in St. Pete",Tell me a story about a Florida man and a gas station incident.
Wacky Florida Man on TikTok,Tell me a story about a wacky Florida man and his adventures on TikTok.
"Florida woman spent $12,000 in bitcoin to try to hire someone to kill her ex-boyfriend's wife on a scam website designed to fool people into thinking they could hire a hitman. She's now going to prison for 6 years.",Tell me a story about a Florida woman who falls into a dangerous online scam.
"Florida man arrested after dining on spaghetti with his bare hands, asking the employee what kind of genitals he had",Tell me a story about a Florida man and his unusual dining experience.
Florida Woman accused of using cat to batter girlfriend,Tell me a story about a Florida woman and her unusual use of a cat.
Florida Woman arrested on drunk driving charge after overturning golf cart,Tell me a story about a Florida woman and a golf cart.
Florida Man Arrested After Faking To Be Cop To Get A Discount On His Burgers At Wendy's,Tell me a story about a Florida man and his love for fast food.
How many golf carts do you have to steal to get a two-year prison sentence? One Florida man found out,Tell me a story about a Florida man and his golf cart stealing escapades.
Spider monkey with 'Batman' markings born at Florida man's zoo,Tell me a story about a spider monkey with 'Batman' markings at a Florida man's zoo.
Florida man blames Putin for speeding.,Tell me a story about a Florida man and his unusual excuse for speeding.
Florida woman gets prison time for failed hitman scheme,Tell me a story about a Florida woman and a failed hitman scheme.
Florida Man Tries Robbing Waffle House With Finger Guns,Tell me a story about a Florida man and his unconventional attempt at robbing a Waffle House.
Florida Man who damaged LGBTQ streetscape must write essay on Pulse,Tell me a story about a Florida man and the LGBTQ community.
Drunk Florida man accidentally shoots himself in groin with stolen gun while trying to break into cars,Tell me a story about a drunk Florida man and a stolen gun.
Tips for new Florida Man residents to assimilate quickly with hostile local population,Tell me a story about a Florida Man trying to assimilate into a hostile local population.
Florida man arrested for practicing karate on swans,Tell me a story about a Florida man and his unusual encounter with swans.
"Florida woman looks sleepy after three arrested in drug bust, One Attempts To Overdose On Purpose",Tell me a story about a Florida woman involved in a drug bust and an attempted overdose.
Florida man dies after driving into 11ft alligator on road,Tell me a story about a Florida man and an encounter with an alligator on the road.
"Florida man, Strip club, grandpas missing.",
Florida man uses elderly woman's credit card to buy 11 Gibson Les Pauls,Tell me a story about a Florida man and an elderly woman's credit card.
"Florida Man Wanted For Stealing $4,300 Worth Of Oil Of Olay Product From Walgreens",Tell me a story about a Florida man and his obsession with skincare products.
Florida Man Sets New Record by Seeing Spider-Man: No Way Home 292 Times,Tell me a story about a Florida man and his obsession with Spider-Man: No Way Home.
Florida man arrested for allegedly masturbating on a flight to Boston,Tell me a story about a Florida man and an inappropriate act on a flight to Boston.
Florida man says drunk driver bailed after crashing car into his home on Easter morning,Tell me a story about a Florida man and a drunk driver on Easter morning.
"Florida Man Scott 'Fudge' Is In More Trouble Over Villages Grocery Store Run, Beef O'Brady's Attack Violation",Tell me a story about Florida Man Scott 'Fudge' and his misadventures at a grocery store and Beef O'Brady's.
"Florida man sheriff says go ahead and shoot burglars, save the taxpayers some money",Tell me a story about a Florida man sheriff and his unconventional approach to dealing with burglars.
Florida man claims to be police officer in order to get discount at Wendy's,Tell me a story about a Florida man pretending to be a police officer.
"Florida Woman, Nurse Pleads Guilty To Tampering With ICU Patient's Fentanyl",Tell me a story about a Florida woman and a tampering incident in the ICU.
Florida Man Arrested For Beating Puppy Tells Police: 'I Know I Spanked Him Hard',Tell me a story about a Florida man and a puppy.
"Florida man arrested after cops find him in possession of drugs, guns and alligator",Tell me a story about a Florida man and his unusual collection of possessions.
Florida Man Wanted In Three States For Scamming Investors Out Of Cash,Tell me a story about a Florida man and his elaborate investment scam.
VIDEO: 76-year-old Florida man fights off robbers at ATM,Tell me a story about a brave Florida man and a robbery at an ATM.
Florida Man dies after he and friend take turns shooting each other,Tell me a story about two friends in Florida and their dangerous game.
Florida Woman Arrested For Putting 4-Year-Old In Dryer And Spinning Him Around Multiple Times,Tell me a story about a Florida woman and a dangerous household appliance.
Florida man accused of slapping girl's butt at school,Tell me a story about a Florida man and an inappropriate incident at a school.
Florida Woman Dressed Like Catwoman Accused of Trying To Rob Gas Station,Tell me a story about a Florida woman dressed as Catwoman and her attempt to rob a gas station.
"Florida Man, teacher confessed to hiding camera in school bathroom in suicide note",
Tips for new Florida Men to assimilate quickly with hostile local population,Tell me a story about a Florida man trying to assimilate with the hostile local population.
Florida Man held hostage at Florida Hungry Howie's pizza shop 'ready to get back to work',Tell me a story about a Florida man and a hostage situation at a pizza shop.
Florida Woman Says She Can‚Äôt Make Jury Duty In Parkland Shooting Case Because Of Her Sugar Daddy: ‚ÄúI See Him Every Day‚Äù,Tell me a story about a Florida woman and her sugar daddy in the context of the Parkland shooting case.
"Florida Man orders sushi, steals Buddha statue, puts it in his car and returns to restaurant for his food.",Tell me a story about a Florida man and a stolen Buddha statue.
Florida Man of The Villages jailed without bond in wake of brawl with lady deputy,Tell me a story about a Florida man in The Villages and a lady deputy.
"Florida Man Calls follows tourist, calls him the N word, gets suspended from job as Fire Chief",Tell me a story about a Florida man and his encounter with a tourist.
Florida Man Tries Robbing Waffle House With Finger Guns,Tell me a story about a Florida man and his unconventional attempt at robbing a Waffle House.
Florida Man Tells Residents To Shoot Home Invaders: 'We prefer that you do' And Promotes Gun Safety Courses For Homeowners,Tell me a story about a Florida man promoting gun safety courses for homeowners and encouraging them to shoot home invaders.
"Florida man exploits thousands of dollars out of elderly victim, deputies say",Tell me a story about a Florida man and his scheme to exploit an elderly victim.
Florida man‚Äôs toilet ‚Äî shaped like Lars Ulrich ‚Äî acquired by Denmark museum,Tell me a story about a unique toilet in Florida.
Florida woman arrested after helping over 100 people obtain unlawful licenses,Tell me a story about a Florida woman and her involvement in unlawful licensing.
Florida Man Named ‚ÄòDill Pickle‚Äô Arrested After Running From Cops,Tell me a story about a Florida man named 'Dill Pickle' and his encounter with the police.
Florida Woman opens new amusement park in laundry room.,Tell me a story about a Florida woman and her unique amusement park in a surprising location.
Florida Man diagnosed with dementia arrested after attack sends wife to hospital,Tell me a story about a Florida man with dementia and a hospital visit.
Florida Woman Bride Who Spiked Wedding Food With Pot Facing Felony Charges,Tell me a story about a Florida woman and a wedding gone wrong.
Florida Nursing Assistant Caught Sexually Abusing 90-Year-Old Woman Under His Care,Tell me a story about a Florida nursing assistant and a 90-year-old woman.
Florida Man buys 275 gallons of lube and secedes from the US,
Florida bride and caterer charged after serving marijuana-laced food at wedding,Tell me a story about a Florida bride and a caterer.
Florida Woman Walmart Shopper Being Tased by Marion County Deputy,Tell me a story about a Florida woman and a Walmart shopper being tased by a Marion County Deputy.
Florida Man Arrested For Using A Lost US Nuke To Power His Home For More Than 27 Years,Tell me a story about a Florida man and a lost US nuke.
Police: Florida woman threatened to bomb hungry son's school.,Tell me a story about a Florida woman and a bomb threat.
Florida man enters cage with tigers to provide them chicken; gets mauled.,Tell me a story about a Florida man and his encounter with tigers.
Florida Man Found Stuck And Screaming In A Port-A-Potty Arrested On Drug Charges,Tell me a story about a Florida man and a port-a-potty.
FLORIDA DOES IT BETTWR. The craziest year a Florida man ever experienced. Pawning my nephew. Festivals. Parties. Wild ride. Check it out Florida folk or not(; see how we do it.,Tell me a story about the craziest year a Florida man ever experienced.
Florida man allegedly ran over body parts during hit-and-run probe,Tell me a story about a Florida man involved in a hit-and-run investigation.
Florida man uses elderly woman's credit card to buy 11 Gibson Les Pauls,Tell me a story about a Florida man and an elderly woman's credit card.
WWE Hall of Famer Tammy Sytch arrested for crash that killed Florida man,Tell me a story about a WWE Hall of Famer and a fatal crash in Florida.
"Florida Man and his neighbor, Georgia man, are sick and tired of all the Orbeez drive-bys.","Tell me a story about Florida Man and his neighbor, Georgia Man, and their unusual problem with Orbeez drive-bys."
Florida man arrested for reportedly tossing gator into Wendy' ?,Tell me a story about a Florida man and a Wendy's restaurant.
Florida man arrested for 6th DUI,Tell me a story about a Florida man and his repeated DUI arrests.
Florida man gets 2 years in prison for golf cart thefts in Upper Midwest,Tell me a story about a Florida man and his golf cart thefts in the Upper Midwest.
"Florida Man, Sheriff's office volunteer accused of selling oxycodone from patrol car",Tell me a story about a Florida man and a patrol car.
Florida man gets probation for parading through U.S. Capitol on Jan. 6,Tell me a story about a Florida man and his involvement in the U.S. Capitol on January 6th.
"Florida Woman, First-Grade Teacher Arrested For MDMA, Suboxone In School",Tell me a story about a Florida woman who is a first-grade teacher and gets arrested for having MDMA and Suboxone in school.
Florida Woman Gets Two Years for PPP Fraud,Tell me a story about a Florida woman and a fraudulent scheme.
Florida Cop Threatens Black Man Before Choking Female Colleague Who Intervened,Tell me a story about a Florida cop and a threatening situation.
Florida Man arrested for fraud after burying his Hummer to collect an insurance claim,Tell me a story about a Florida man and his buried Hummer.
Florida man pleads guilty to threatening Rep. Ilhan Omar,Tell me a story about a Florida man and his threat towards Rep. Ilhan Omar.
Florida woman arrested after rolling in the middle of traffic with baby in her arms,Tell me a story about a Florida woman and a dangerous situation involving a baby.
Florida man catches a gator using a trash can,Tell me a story about a Florida man and a trash can.
Alligator found scratching at front door of Florida man's home,Tell me a story about a Florida man and an unexpected encounter with an alligator.
These are the Real Issues in Florida.,Tell me a story about the real issues in Florida.
Florida man's FARTD license plate banned,Tell me a story about a Florida man and his banned license plate.
Florida Man Arrested on Charges For Assault on Law Enforcement Officers During Jan. 6 Capitol Breach,Tell me a story about a Florida man's arrest during the Capitol breach.
Florida sheriff arrests daughter for trafficking meth - New York Daily News,Tell me a story about a Florida sheriff and his daughter involved in meth trafficking.
Florida man calls deputies for help after tying up couple for 2 days,Tell me a story about a Florida man and a couple tied up for two days.
"Florida man with lectern at Capitol riot says pre-prison party is off, claims April Fools‚Äô",Tell me a story about a Florida man and a lectern at the Capitol riot.
Florida Man helping transport refugees out of Ukraine and supplies into the war-torn country,Tell me a story about a Florida man and his humanitarian efforts in Ukraine.
"FloridaMan steals family's luggage, gives away clothes, and arrested after seen wearing them.",Tell me a story about a Florida man and stolen luggage.
"Florida Man, 20, Filmed Sexually Assaulting 'Family Dog' with 'His Tongue ... and Fingers': Court Doc",Tell me a story about a Florida man and a disturbing act involving a family pet.
Florida teenager‚Äôs fall becomes the new tik tok trend,Tell me a story about a Florida teenager and a viral TikTok trend.
Police shoot Florida man being held for mental health at hospital,Tell me a story about a Florida man and a police shooting at a hospital.
Florida Man removes helicopter wreckage from lake. Finds another wrecked helicopter right next to it.,Tell me a story about a Florida man and his surprising discovery in a lake.
Florida sheriff arrests daughter for trafficking meth,Tell me a story about a Florida sheriff and his daughter involved in meth trafficking.
Florida man shot and killed while attempting to steal pizza and Pokemon cards from Target,Tell me a story about a Florida man and his obsession with pizza and Pokemon cards.
"SWAT team surrounds home with Florida man barricaded inside, deputies say",Tell me a story about a Florida man and a SWAT team.
Florida Man Running For Congress Makes Violent Threats To Former Boss And Mother Who He Lives With After Being Fired For Leaving A Job Mid Shift Over A $1 Pay Dispute,Tell me a story about a Florida man running for Congress and his violent threats towards his former boss and mother.
"Fort Walton Beach, Florida man shot 200 rounds, damaged property. Only stopped because he ran out of ammo.","Tell me a story about a man from Fort Walton Beach, Florida and his excessive use of ammunition."
‚ÄòHe did not go happily‚Äô: 6-foot rattlesnake removed from Florida woman‚Äôs welcome mat,Tell me a story about a Florida woman and a rattlesnake on her welcome mat.
Florida Man Petitions to Ban the Bible,Tell me a story about a Florida man and his controversial petition.
76-year-old Florida man fights off robbers at ATM,Tell me a story about a brave elderly man in Florida.
Florida man receives two year federal prison sentence after stealing 63 golf carts across seven states.,Tell me a story about a Florida man and his golf cart stealing spree.
Florida man accused of assaulting girl lured away from birthday party,Tell me a story about a Florida man and a birthday party.
‚ÄòShe Is a Hero‚Äô: Florida Woman Credits Pooping Pet With Helping Nab Robbery Suspect,Tell me a story about a Florida woman and her pet catching a robbery suspect.
"Florida man deputy watches Netflix while inmate vomits blood, gets suspended",Tell me a story about a Florida man deputy and an inmate in need of medical attention.
"Florida man AKA Sheriff of Franklin County, daughter is arrested on meth trafficking charges",Tell me a story about the Sheriff of Franklin County in Florida and his daughter's arrest on meth trafficking charges.
"Florida Woman charged with posting sexual photos, video of teen girl to social media",Tell me a story about a Florida woman and inappropriate use of social media.
Florida Man Speeds Over Body Parts During Hit-&amp;-Run Investigation,Tell me a story about a Florida man involved in a hit-and-run investigation.
"Florida Man watches 'Spider-Man' movie 292 times, setting new world record.",Tell me a story about a Florida man and his obsession with Spider-Man.
Florida Man &amp; dad chases after man recording girls in Walmart dressing room,Tell me a story about a Florida man and his father's pursuit of a man recording girls in a Walmart dressing room.
"A Florida Teen Was Killed As He And Another Teen Took Turns Shooting Each Other While Wearing Body Armor, Police Said",Tell me a story about two Florida teens and their dangerous game of shooting each other while wearing body armor.
Florida Woman arrested for assaulting her father after he opened a package containing her newly ordered strap-on dildo,
Florida man (mom) threatens to ‚Äòblow up‚Äô school because son wasn‚Äôt fed enough at cafeteria,Tell me a story about a Florida man and a school cafeteria.
Florida man uses elderly woman's credit card to buy 11 Gibson Les Pauls,Tell me a story about a Florida man and an elderly woman's credit card.
Florida man who posed with Pelosi's podium sentenced to 75 days in jail,Tell me a story about a Florida man and a stolen podium.
Florida man dies after crashing his car into an 11-foot alligator,Tell me a story about a Florida man and a deadly encounter with an alligator.
Florida woman tries to get everyone baked at her wedding.,Tell me a story about a Florida woman and her unconventional wedding plans.
"Florida man calls police to verify his meth is authentic, cops claim - National | Globalnews.ca",Tell me a story about a Florida man and his questionable phone call to the police.
FloridaMan Rats Out Mom For Drunk Driving,Tell me a story about a Florida man and his mother's drunk driving.
Florida man arrested after dining on spaghetti with his bare hands,Tell me a story about a Florida man and his unusual dining habits.
"Florida man and his buddies use a homemade device to steal $60,000 in gas from two Circle K's, then re-sell it for $3 a gallon at empty lots around town",Tell me a story about a group of friends in Florida and their unusual money-making scheme.
Florida Man Urinates In The 'Hop And Pop' Beer Cave After Finding Bathroom Locked,Tell me a story about a Florida man and a beer cave.
Florida man dead after face off with officers during drug bust,Tell me a story about a Florida man and a drug bust gone wrong.
Florida Man on meth bites deputy after running through traffic in Tampa,Tell me a story about a Florida man on meth and a deputy in Tampa.
Florida Woman took Mexican workers' passports to force them into physical labor,Tell me a story about a Florida woman and the exploitation of Mexican workers.
"Police: Florida man claims he‚Äôs Jesus, kisses a minor in gym locker room",Tell me a story about a Florida man who believes he is Jesus and gets involved in a strange incident at a gym locker room.
Florida Men and Twin Brothers Twin Brothers Arrested 5 Days Apart After Grand Theft Auto Spree,Tell me a story about twin brothers in Florida and a grand theft auto spree.
Florida Man stabbed to death by OnlyFans model girlfriend,Tell me a story about a Florida man and his OnlyFans model girlfriend.
‚ÄòIt‚Äôs just very disturbing‚Äô: South Florida man says he believes he saw Steelers QB Dwayne Haskins on roadway minutes before his death,Tell me a story about a South Florida man and an encounter with Steelers QB Dwayne Haskins.
Florida Woman gets 12+ years prison for 'child modeling',Tell me a story about a Florida woman and her involvement in child modeling.
Florida Man Harrases Teen from Crisis Hotline,Tell me a story about a Florida man and a crisis hotline.
South Florida man charged with spraying officers protecting the Capitol during Jan. 6 riot,Tell me a story about a South Florida man and the Jan. 6 riot at the Capitol.
Orbeez shooting: Florida man complains about being arrested,Tell me a story about a Florida man and his unusual complaint.
Florida Man killed after he and his friends take turns shooting each other while wearing body armor,Tell me a story about a group of friends in Florida and their dangerous game.
Florida Man Chooses Lump-Sum Of $795K On Scratch-Off Win From $20 Ticket Purchased At Publix,Tell me a story about a Florida man and a life-changing lottery win.
Florida Man Jailed son enters plea after making illicit calls to mother for bail money,Tell me a story about a Florida man and his son's plea for bail money.
Sheriff arrests his daughter in Florida meth bust: officials | Miami Herald,Tell me a story about a sheriff and his daughter involved in a meth bust in Florida.
"Shirtless Florida man accused of breaking into restaurant to steal lava cake, cobbler &amp; ice cream",Tell me a story about a shirtless Florida man and his unusual food cravings.
Florida Man doesn‚Äôt mind a slippery slope.,Tell me a story about a Florida man and a slippery slope.
florida man strikes again...,Tell me a story about Florida man and his latest misadventure.
"Florida woman placed boy in dryer, making him go ‚Äòround and round,‚Äô officials say",Tell me a story about a Florida woman and a boy in a dryer.
"Florida Man filmed 4-year-old smoking blunt, sent video to mother‚Ä¶",Tell me a story about a Florida man and a 4-year-old child.
Floridamen Don't Understand Drawbridges,Tell me a story about Floridamen and their confusion with drawbridges.
Florida Man gets 2 years for multistate motorized golf cart thefts,Tell me a story about a Florida man and his unusual criminal activities involving motorized golf carts.
Earth Day: 2 Florida women find a way to help people by using plastic bags,Tell me a story about two Florida women and their creative use of plastic bags.
"Florida teen killed while friends were taking turns shooting one another in bulletproof vest, police say",Tell me a story about a group of Florida teens and a dangerous game they played.
Florida man watches Spider-Man: No Way Home 292 times to break record,Tell me a story about a Florida man and his obsession with Spider-Man: No Way Home.
"Florida Man on murder trial cries on stand, blames dead wife.",Tell me a story about a Florida man and a murder trial.
"Florida man guilty of killing wife, 3 kids and dog because he thought 'apocalypse was coming'",Tell me a story about a Florida man and his belief in the apocalypse.
Florida woman arrested after helping over 100 people obtain unlawful licenses,Tell me a story about a Florida woman and her involvement in unlawful licensing.
Florida man tries to use cooler trick to sneak snook by wildlife official,Tell me a story about a Florida man and a cooler trick.
Florida man arrested after Waffle House bacon blowup,Tell me a story about a Florida man and a Waffle House bacon incident.
Florida Man Fires Gun at County Fair,Tell me a story about a Florida man and a gun at the county fair.
Florida man DUI driver arrested after colliding with stopped FHP cruiser on US-19 in Palm Harbor,Tell me a story about a Florida man and a collision with a police cruiser.
Florida man wakes up to find home destroyed by storm,Tell me a story about a Florida man and a devastating storm that destroys his home.
FloridaMan Tries to Steal Ballistic Vest Worn During Bin Laden Raid,Tell me a story about a Florida man and his attempt to steal a ballistic vest worn during the Bin Laden raid.
"Elderly duffer Florida Man chases, then shoots man, and beats him with a golf club, for walking his dog on the course.",Tell me a story about an elderly Florida man and a golf course altercation.
Florida man dies after crashing his car into an 11-foot alligatorFlorida man dies after crashing his car into an 11-foot alligator,Tell me a story about a Florida man and a deadly encounter with wildlife.
üò± Florida man impersonates police for discount at Wendy‚Äôs,Tell me a story about a Florida man impersonating a police officer at Wendy's.
"Police: Shirtless Florida man breaks into restaurant to steal cobbler, lava cake and ice cream",Tell me a story about a shirtless Florida man and his unusual food cravings.
Drunken Florida man allegedly ran over body parts during hit-and-run probe,Tell me a story about a drunken Florida man and a hit-and-run investigation.
Florida Man‚Äôs murder confession thrown out because he was high on Benadryl,Tell me a story about a Florida man and a murder confession.
"Florida man who fatally shot pregnant wife believing her to be an intruder, spared prison time",Tell me a story about a Florida man and a tragic mistake.
florida man turns himself in for killing imaginary friend,Tell me a story about a Florida man and his imaginary friend.
Florida Man wins acquittal in controversial political stalking case,Tell me a story about a controversial political stalking case involving a Florida man.
Florida man seeks Bible ban throughout the state's schools,Tell me a story about a Florida man and his mission to ban the Bible in schools.
Florida Man arrested for using a lost nuclear weapon to power his house,Tell me a story about a Florida man and a lost nuclear weapon.
Florida Man and Woman toss fish into Alabama for prizes.,Tell me a story about a Florida man and woman participating in a unique fishing competition.
"Wait, what? Florida man hugs, dances with alligator in viral video",Tell me a story about a Florida man and an unexpected encounter with an alligator.
Florida man dies after crashing his car into an 11-foot alligator,Tell me a story about a Florida man and a deadly encounter with an alligator.
Florida Man Sets World Record By Watching 'Spider-Man: No Way Home' 292 Times In Theaters,Tell me a story about a Florida man and his obsession with a movie.
Florida Man attacks Uber driver for making U-turn.,Tell me a story about a Florida man and an Uber driver.
Florida Man cop threatens Florida Woman Cop with chocking u,Tell me a story about a Florida man and a Florida woman cop in a tense situation.
Chef at restaurant in The Villages arrested after attack sends Florida woman to hospital,Tell me a story about a chef in The Villages and a Florida woman.
"Police: Florida man says he was Jesus, traps minor in locker room, kisses him",Tell me a story about a Florida man and a surprising encounter in a locker room.
"Florida Woman, Bride And Caterer, Arrested After Lacing Wedding Guests' Food With Pot","Tell me a story about a Florida woman, a bride, and a caterer."
Blind Florida Man and service dog kicked out of Hudson restaurant,Tell me a story about a blind Florida man and a service dog.
Did a Florida man make this song lol??,Tell me a story about a Florida man and his musical talents.
Florida Woman Smiles In Mugshot After Murdering Her Own Sister Outside Her Home,Tell me a story about a Florida woman and a shocking crime.
Floridaman attempts to shoot his own state in the foot for political points with wingnuts.,Tell me a story about a Florida man and his political antics.
Florida Man Arrested Sunday After 'Playing' With Himself On A Flight From Newark To Boston,Tell me a story about a Florida man and an inappropriate act on a flight.
Florida man who defrauded elderly investors with fake commodities investment scheme sentenced to prison,Tell me a story about a Florida man and a fraudulent investment scheme.
Florida Man Steals Bike Belonging to Another Florida Man Being Arrested,Tell me a story about a Florida man and a stolen bike.
Florida woman preserving dog‚Äôs body in freezer wants maintenance worker held accountable,Tell me a story about a Florida woman and a frozen dog.
Florida Man Spends His Retirement Trapping over 100 Invasive Tegu Lizards,Tell me a story about a Florida man and his retirement hobby.
Police search for Florida man accused of assaulting elderly man outside Publix,Tell me a story about a Florida man and an elderly man outside Publix.
"Florida Man, felon indicted on multiple PPP fraud charges",Tell me a story about a Florida man and his involvement in PPP fraud.
Florida Sheriff Stunts On Arrested Local Rappers With Their Gold Chain &amp; Mocking Freestyle,Tell me a story about a Florida sheriff and local rappers.
South Florida man receives state's highest honor,Tell me a story about a South Florida man and his remarkable achievement.
Florida Man rides his horse through Dunkin‚Äô Donuts drive-thru,Tell me a story about a Florida man and his horse's unusual visit to a fast food drive-thru.
"Florida man kidnaps woman, demands ransom through Facebook: police",Tell me a story about a Florida man and a kidnapping on social media.
"Florida Man, Convicted Felon Heads To Prison After Showboating AR-556 On Instagram Live",Tell me a story about a Florida man and his showboating on social media.
Police chase loose goat through Florida man's apartment complex,Tell me a story about a Florida man and a loose goat in an apartment complex.
Florida Teen killed after he and his friends take turns shooting each other while wearing body armor,Tell me a story about a group of Florida teens and their dangerous game.
Florida Man Nuisance Animal Contractor Turns Himself In,Tell me a story about a Florida man who works as a nuisance animal contractor.
"Florida Man Trying To Flee From Deputy On Foot Trips Over His Own Feet, Rummages Through His Backside Tossing Drugs",Tell me a story about a Florida man and a clumsy escape attempt.
"FloridaMan Install CryptoTab Browser and get real Bitcoins for using it. Your earnings will keep growing as long as you're watching YouTube, reading news and using your social network accounts daily.",Tell me a story about a Florida man and his journey to earn Bitcoins using CryptoTab Browser.
Florida man(73) out of retirement after joining Ukraine National guard. 'Out to get the Russians'.,Tell me a story about a retired Florida man and his mission to join the Ukraine National Guard.
"Florida Man attempts to cut, then saw off, ankle monitor. This text and video were originally posted on the arresting Police Department's Facebook Page. ""VIDEO: Man out on bond for fatal crash caught removing ankle monitor with hacksaw, PCSO says""",Tell me a story about a Florida man and an ankle monitor.
Florida man accused of smuggling 3 illegal immigrants for work,Tell me a story about a Florida man and his involvement in smuggling illegal immigrants for work.
Florida woman accused of putting a small child in a dryer faces child abuse charges,Tell me a story about a Florida woman and a small child in a dryer.
Florida teen dead after friends wearing body armor take turns shooting each other,Tell me a story about a group of Florida teens and their dangerous game.
Florida teen killed after he and friends took turns shooting each other wearing bulletproof vests,Tell me a story about a group of Florida teens and their dangerous game.
"9-Year-Old Boy Rats Florida Woman Out For Drunk Driving After She Claims She's Sober: ""Mom, You Can't Lie To The Police""",Tell me a story about a 9-year-old boy and a Florida woman who gets caught drunk driving.
Battlefield‚Ñ¢ V tiger i am florida man,Tell me a story about a Florida man and a Tiger in Battlefield‚Ñ¢ V.
Florida Woman jailed without bond after violating probation in golf cart DUI case,Tell me a story about a Florida woman and a golf cart DUI case.
Florida Man Arrested Trying To Steal Ballistic Vest Worn By SEAL Team Six Member That Took Out Bin Laden,Tell me a story about a Florida man and his attempt to steal a ballistic vest worn by a member of SEAL Team Six.
Florida Woman arrested for spiking the food at her wedding reception with weed.,Tell me a story about a Florida woman and her wedding reception.
"Florida Woman used company card to pay for wedding, police say",Tell me a story about a Florida woman and a company card.
"Florida Woman who Trump appointed as a federal judge despite being wildly unqualified voids federal transportation mask mandate, claiming ""wearing a mask cleans nothing"".",Tell me a story about a Florida woman appointed as a federal judge and her stance on mask mandates.
"16-year-old killed when teens wearing body armor take turns shooting each other in Florida, police say",Tell me a story about a deadly game involving teenagers in Florida.
Florida Man Arrested For Narcotics After Eating And Flushing Some,Tell me a story about a Florida man and his unusual method of disposing of narcotics.
Florida man pleads guilty to threatening Ilhan Omar - CNNPolitics,Tell me a story about a Florida man and his threat towards Ilhan Omar.
Florida man does it again...,Tell me a story about a Florida man and his recurring antics.
Florida man adult film star &amp; Iraq war vet blasts 'witch hunt' after his Capitol riot arrest,Tell me a story about a Florida man who is an adult film star and an Iraq war vet.
Florida woman sues after presidential politics turned a $75 used couch purchase into a $30K Tampa Bay lawsuit,Tell me a story about a Florida woman and a controversial couch purchase.
Florida man saw 'Spider-Man: No Way Home' 292 times in theaters,Tell me a story about a Florida man and his obsession with Spider-Man: No Way Home.
Florida Man Republican House members vote against own bill over 'school prayer' red herring | Cerabino,Tell me a story about Florida Man and a controversial bill.
Florida Woman just Horsin‚Äô Around,Tell me a story about a Florida woman and her unusual hobby.
(Young) Florida man takes the long way home.,Tell me a story about a young Florida man and his journey home.
Florida man killed in crash after hitting 11-foot alligator on roadway,Tell me a story about a Florida man and an encounter with an alligator on the roadway.
2 Florida Men From Pro-Trump Florida Community the Villages Admit to Voter Fraud,Tell me a story about two Florida men and voter fraud in The Villages.
Florida Woman Beats Dad After Amazon Delivers Sex Toy,Tell me a story about a Florida woman and an unexpected Amazon delivery.
"Florida Woman, Caterer Accused Of Lacing Wedding Food With Pot",Tell me a story about a Florida woman and her catering business.
Florida woman who's a paralegal and law school student marries man on death row,Tell me a story about a Florida woman who marries a man on death row.
"Gatorland announces Gatorpalooza, a two-day festival with a 'Florida Man' race through gator-infested swamps",Tell me a story about a Florida man participating in the Gatorpalooza festival.
Cocaine and pot found washed up on Florida man's beach this week,Tell me a story about a Florida man and a beach discovery.
"Florida man claims he‚Äôs Jesus, kisses a minor in gym locker room",Tell me a story about a Florida man who believes he is Jesus and gets involved in a controversial incident.
Jury gives $5.25M to Florida woman impregnated by doctor‚Äôs own sperm,Tell me a story about a Florida woman and a doctor's betrayal.
"Florida Man Used Cutting Board To Fatally Bludgeon Neighbor, Detectives Say",Tell me a story about a Florida man and a cutting board.
"A Florida Man Who Is A Trump Fan, Admits Threatening The Life Of Minnesota Democratic US House of Representatives Member Ilhan Omar Over ‚ÄòCurse Words‚Äô",Tell me a story about a Florida man who threatens the life of a politician over curse words.
Florida man allegedly chokes female victim during argument,Tell me a story about a Florida man and a violent altercation.
Florida Man posing as a massage therapist accused of sexual assault in Ruskin; additional victims sought,Tell me a story about a Florida man posing as a massage therapist and the victims he targeted.
"Florida man drove 112 mph on shoulder to impress girlfriend, troopers say",Tell me a story about a Florida man and his need for speed.
FLORIDA MAN ARRESTED FOR VOTING TWICE FOR YOU KNOW WHO!,Tell me a story about a Florida man and his involvement in a political election.
"Florida Man, er, Florida Mouse is spiraling.",Tell me a story about a Florida Mouse spiraling out of control.
"Florida Man arrested after fatally shooting wife in pool deck area of NE Miami-Dade Jewish community center ‚Äì WSVN 7News | Miami News, Weather, Sports",Tell me a story about a Florida man and a tragic incident at a Jewish community center.
Florida mom wants answers after Microsoft exec husband gunned down in front of 2-year-old A devastated widow begs for public help after she shot and killed her young Microsoft executive husband in front of their 2-year-old daughter in a high-rise suburb of North Florida.,Tell me a story about a Florida mom and a tragic incident involving her husband and their young daughter.
"Florida Man involved in motorcycle crash had BAC of .308, police say",Tell me a story about a Florida man and a motorcycle crash with a high BAC.
Florida man dies after crashing his car into an alligator,Tell me a story about a Florida man and an encounter with an alligator.
"Florida Man used Snapchat to lure underage girls in Martin County, Sheriff's Office says",
I. Am. Florida. Man. üòµ‚Äçüí´ü§òüèΩ,Tell me a story about a Florida man who believes he is a superhero.
The Mugshot of the Millennium: Florida Man from The Villages in Trouble for Seeking Bail Money,Tell me a story about a Florida man from The Villages and his mugshot.
Florida man's 'Putin made me do it' excuse for speeding doesn't work with traffic cop,Tell me a story about a Florida man and a speeding ticket.
Who stole tons of valuable ammunition brass from Army‚Äôs top helicopter gun range? Feds focus on Florida man,Tell me a story about a Florida man and stolen ammunition brass from an Army helicopter gun range.
Florida Man Uses State's New Book-Banning Law To Object To The Bible,Tell me a story about a Florida man and the state's new book-banning law.
Deputy deploys Taser on Florida Woman for wielding a knife in Walmart.,Tell me a story about a Florida woman and a knife-wielding incident at Walmart.
Florida man calls deputies for help after tying up couple for 2 days,Tell me a story about a Florida man and a couple tied up for two days.
Florida Man Charged With Performing Lewd Act On Flight From Newark To Boston,Tell me a story about a Florida man and a lewd act on a flight from Newark to Boston.
Florida man arrested for Waffle House bacon blowup,Tell me a story about a Florida man and a Waffle House bacon incident.
"Florida woman backing pickup out of driveway hits gas instead of brake, plows into house across the street -- all the way into the house",Tell me a story about a Florida woman and a pickup truck causing chaos in a neighborhood.
"Florida Man Arrested After Stabbing His Sleeping Roommate In The Head And Neck, Carjacking",Tell me a story about a Florida man and a violent crime.
Florida Man gets punched by Mike Tyson on JetBlue plane,Tell me a story about a Florida man and a surprising encounter on a plane.
"Florida Man Steals From Home Depot, Beats Employees And Customers Who Tried To Stop Him",Tell me a story about a Florida man causing chaos at Home Depot.
Florida Man Dolphin ‚ÄòLover‚Äô Says Dolly the Dolphin Seduced Him,Tell me a story about a Florida man and his unusual relationship with a dolphin.
"Florida Woman kills man who tried to run her over with her own car, Tampa police say",Tell me a story about a Florida woman defending herself from a carjacker.
"""Dynamic Duo"" Florida Man And Woman, Both Felons, Arrested After Crashing A Stolen Vehicle And Running From Cops",Tell me a story about a dynamic duo in Florida who are both felons.
"Florida Woman Wins $5,000,000 From A $20 Scratch-Off, Chooses Lump-Sum Of Over $3.9M",Tell me a story about a Florida woman who wins a large sum of money from a scratch-off ticket.
"Florida First-Grade Teacher Arrested For MDMA, Suboxone In School",Tell me a story about a Florida first-grade teacher and illegal substances in school.
Florida woman with prior theft convictions arrested after allegedly stealing steaks from Publix,Tell me a story about a Florida woman and stolen steaks from Publix.
Florida Man revoked Disney's special status. Florida taxpayers may suffer,Tell me a story about a Florida man and the consequences of revoking Disney's special status.
"Florida Man Found Naked, Screaming In Local Front Yard",Tell me a story about a Florida man and his unusual behavior in a front yard.
"Florida Woman threatens to blow up school over son‚Äôs lunch, report says",Tell me a story about a Florida woman and a school threat.
"Florida Man (Teen) Was Killed As He And Another Teen Took Turns Shooting Each Other While Wearing Body Armor, Police Said",Tell me a story about two Florida teens and their dangerous game of shooting each other while wearing body armor.
Florida Man accepted into 27 colleges with $4M in scholarships,Tell me a story about a Florida man who achieves remarkable academic success.
"1 dead after Central Florida teens wearing body armor take turns shooting each other, police say",Tell me a story about Central Florida teens and their dangerous game.
"One killed after teens take turns shooting each other wearing body armor, Florida police say",Tell me a story about teenagers and body armor in Florida.
florida man turns himself in for killing his imaginary friend,Tell me a story about a Florida man and his imaginary friend.
Who would let this Florida man teach at a church??,Tell me a story about a Florida man teaching at a church.
Florida Man Sentenced After Pleading Guilty Of Violent Threats To Pelosi And AOC,Tell me a story about a Florida man and his violent threats towards Pelosi and AOC.
"Florida man arrested after hiding live alligator in his truck, deputies say",Tell me a story about a Florida man and a hidden alligator in his truck.
My family and I just vacationed in sunny Florida and put this video together of DUBOIS PARK by drone ‚úàÔ∏èü§©. Looking forward to hearing what you think and reading your top memories from all of you! üòÅ,Tell me a story about a family vacation in Florida and their experience at Dubois Park.
Florida woman arrested by her own father during a drug bust,Tell me a story about a Florida woman and a drug bust involving her own father.
Florida man drinks and drives 150mph into back of car killing all 6 passengers,Tell me a story about a Florida man and a tragic car accident.
"Florida man dead, model lover found soaked in blood",Tell me a story about a Florida man and his mysterious model lover.
Florida Woman arrested after leaving her kids at Largo Family Dollar‚Ä¶,Tell me a story about a Florida woman and her children at a Family Dollar store.
"Florida Man Dead, Model Lover Found Soaked In Blood - Gadget Clock",Tell me a story about a Florida man and his model lover.
"Florida Man claims to be Jesus, kisses juvenile in locker room, police say",Tell me a story about a Florida man who believes he is Jesus and gets involved in a strange incident in a locker room.
Armed Florida woman shot by deputy while chasing ex-boyfriend,Tell me a story about an armed Florida woman and a deputy.
Florida Woman Arrested After Allegedly Using Cat To Batter Her Girlfriend,Tell me a story about a Florida woman and her unusual weapon of choice.
Florida man confesses to video calling strangers while naked,Tell me a story about a Florida man and his unusual video calling habits.
"Florida man charged with peeping on girls aged 12, 4 at Walmart",Tell me a story about a Florida man and his inappropriate behavior at Walmart.
Florida Man Gets 15 Months In Federal Prison For Making Threatening Calls To Congress Members,Tell me a story about a Florida man and his threatening calls to Congress members.
Florida man arrested after Waffle House bacon blowup,Tell me a story about a Florida man and a Waffle House bacon incident.
Florida man rams police vehicle during traffic stop in Putnam County,Tell me a story about a Florida man and a police vehicle in Putnam County.
Florida Man Fake Cop Tries to Score Wendy's Discount,Tell me a story about a Florida man pretending to be a police officer and attempting to get a discount at Wendy's.
Father chases man who recorded daughters in Florida Walmart fitting room,Tell me a story about a father and a man in a Florida Walmart fitting room.
Got LOST in Florida Mangroves!! #FloridaMan at his Finest!! LOL,Tell me a story about a Florida man getting lost in the mangroves.
"Florida man cuts arm, uses own blood to deface Holocaust memorial",Tell me a story about a Florida man and a Holocaust memorial.
Tampa's Cypress Point and Picnic Island beaches have been closed for over a week due to Florida man's poop water,Tell me a story about a Florida man and contaminated beaches.
Florida Man Arrested For Using A Lost Us Nuke To Power His Home For More Than 27 Years,Tell me a story about a Florida man and a lost US nuke.
73-year-old Florida man fighting in Ukraine. 'Out to get the Russians',Tell me a story about a 73-year-old Florida man and his mission in Ukraine.
Florida woman wants off jury duty because of her sugar daddy,Tell me a story about a Florida woman and her sugar daddy.
"Florida Man asks county to remove the totally unfair restrictions on his gun range that prevent flamethrowers, firing from helicopters, and alcohol sales",Tell me a story about a Florida man and his unconventional gun range.
Florida man dies after crashing his car into an 11-foot alligator,Tell me a story about a Florida man and a deadly encounter with an alligator.
Florida man accused of filming 2 girls in store fitting room,Tell me a story about a Florida man and his secret filming activities.
Florida man dies after crashing his car into an 11-foot alligator,Tell me a story about a Florida man and a deadly encounter with an alligator.
Florida Man crashes truck into 15 other people,Tell me a story about a Florida man and a truck collision involving multiple people.
"Florida Man receives tolls from all over the U.S. for novelty plates because his real plates say ""Retired""",Tell me a story about a Florida man with novelty license plates.
Large alligator found in bedroom of Florida man's newly built home gets promptly evicted,Tell me a story about a Florida man and an unexpected intruder in his newly built home.
Florida man or woman...scary as he*l,Tell me a story about a scary Florida man or woman.
Florida man with a suspended license arrested again for his 6th DUI after single-vehicle crash,Tell me a story about a Florida man and his repeated DUI offenses.
"Florida man charged thousands on victim‚Äôs stolen credit cards, deputies say",Tell me a story about a Florida man and stolen credit cards.
"A Wanted Florida Man Apprehended Hiding In Attic, Passed Out From The Heat",Tell me a story about a wanted Florida man hiding in an attic.
Floridaman pretends to be a cop by showing his CCW permit badge in order to get a discount at Wendy's,Tell me a story about a Florida man pretending to be a cop at Wendy's.
"Florida man gets 18 months in prison for threats to Pelosi, AOC",Tell me a story about a Florida man and his threats to politicians.
"Florida Woman, Teacher Arrested After Smacking Student With A Broomstick",Tell me a story about a Florida woman and a broomstick.
Alligator seen swimming with Florida man's football in mouth,Tell me a story about a Florida man and an alligator.
Florida man dies after crashing his car into an 11-foot alligator,Tell me a story about a Florida man and a deadly encounter with an alligator.
Florida Women Arrested After Lacing Wedding Guests' Food With Pot,Tell me a story about Florida women and a wedding gone wrong.
Florida man charged in teen's 'unprovoked' murder found competent for trial,Tell me a story about a Florida man and a tragic murder case.
"Florida man strikes again, Brandon Duhaime absolutely whomps Logan O‚ÄôConnor in this scrap, so many haymakers ü•ä #mnwild - Alex Micheletti on Twitter",Tell me a story about a Florida man and a wild hockey fight.
"Florida man's marijuana dispensary catches fire, disrupts traffic",Tell me a story about a Florida man and a marijuana dispensary catching fire.
Floridaman impersonates pretends to be a cop by showing his CCW permit badge in order to get a discount at Wendy's,Tell me a story about a Florida man pretending to be a cop at Wendy's.
Florida man proposes killing manatees to stop the death of manatees.,Tell me a story about a Florida man and his plan to save manatees.
"Florida man wakes up to tornado, finds home destroyed besides bedroom",Tell me a story about a Florida man and a tornado.
Florida Woman Goes ‚ÄúFatal Attraction‚Äù,Tell me a story about a Florida woman and a dangerous obsession.
Florida man strike again!,Tell me a story about a Florida man and his notorious antics.
Florida Man Gets Two Years In Jail For Stealing 63 Golf Carts,Tell me a story about a Florida man and his unusual obsession with golf carts.
Florida Man / Sheriff arrests his daughter in Florida meth bust: officials | Miami Herald,"Tell me a story about a Florida man, his daughter, and a meth bust."
Florida man drove 112 mph on shoulder to impress girlfriend,Tell me a story about a Florida man and his need for speed.
"Florida Man ""teens"" take turns shooting at each other while wearing armored vests, says police.",Tell me a story about Florida Man and a dangerous game of shooting while wearing armored vests.
Florida Man arrested for drunkenly berating random kids,Tell me a story about a Florida man and his drunken antics.
Florida man accused of punching boy with cognitive disability unconscious,Tell me a story about a Florida man and a boy with a cognitive disability.
Florida Man Fraudster Caught With 28 Stolen Credit Cards in Truck - after throwing out more,Tell me a story about a Florida man and his truck full of stolen credit cards.
Reports: Florida man shot and killed by police after waving gun,Tell me a story about a Florida man and a fatal encounter with the police.
Florida Man Arrested After Making Random Obscene Video Calls To Strangers,Tell me a story about a Florida man and his inappropriate video calls to strangers.
"Florida man on drugs kills child jogging alongside father on Florida sidewalk, police say","Tell me a story about a Florida man, drugs, and a tragic incident on a sidewalk."
Florida man captured on video molesting family dog,Tell me a story about a Florida man and his disturbing actions towards a family pet.
Florida man arrested after allegedly punching and breaking McDonald's sign,Tell me a story about a Florida man and a McDonald's sign.
"Florida Man Runs Out Of Gas In Stolen Car While Fleeing Police, Gets A Stay At The ""Gold Star Hotel""",Tell me a story about a Florida man and a stolen car.
Florida Man Arrested For Meth While Cruising On His Golf Cart,Tell me a story about a Florida man and his unconventional mode of transportation.
Florida Woman told not to panhandle outside Circle K; douses clerk with gasoline and sets her on fire,Tell me a story about a Florida woman and a Circle K incident.
"Florida Man, this is a Wendy's. And you are not a cop.",Tell me a story about a Florida man pretending to be a cop at a Wendy's.
Florida man charged in teen's 'unprovoked' murder found competent to stand trial,Tell me a story about a Florida man and a murder trial.
Florida woman killed by box truck driver stepped out to help turtle cross Orange County road,Tell me a story about a Florida woman and a box truck driver.
Florida man arrested in Pace home invasion spree; homeowner offered shooting lessons,Tell me a story about a Florida man and a home invasion spree in Pace.
WWE Hall of Famer Tammy Sytch Causes Car Crash That Killed a Florida Man; Police Suspects DWI,Tell me a story about a WWE Hall of Famer and a car crash in Florida.
Florida Man voids US mask mandate for planes,Tell me a story about a Florida man and the voiding of the US mask mandate for planes.
"Florida Man That Sexually Enticed 14-Year-Old Girl, Busted By 16-Year-Old Boy Acting As The Young Girl",Tell me a story about a Florida man and a teenage girl's online encounter.
"Florida man strangles parents, forcibly kisses underage step sister, and tackles deputy. All on his birthday.",Tell me a story about a Florida man and his eventful birthday.
Florida man skipped bathroom breaks to achieve 'Spider-Man: No Way Home' viewing record,Tell me a story about a Florida man and his dedication to watching a movie.
"Florida teens take turns shooting at each other wearing armored vests, police say.",Tell me a story about Florida teens and their dangerous game of shooting at each other.
Florida Man Disrupts Kids Test By Blasting Music. Florida Man is also their teacher.,"Tell me a story about a Florida man who disrupts a kids' test by blasting music, where the Florida man is also their teacher."
"Florida man climbs through window, sneaks into child‚Äôs bed: police",
TOP 10 FLORIDA MAN STORIES THAT WILL BLOW YOUR MIND!,Tell me a story about the top 10 mind-blowing Florida man stories.
Florida Woman elementary school teacher accused of bringing drugs to school,Tell me a story about a Florida woman elementary school teacher and drugs.
"Florida man with guns, drugs, baby alligator in truck arrested by deputies",Tell me a story about a Florida man and his unusual cargo in a truck.
Florida Women Arrested After Lacing Wedding Guests' Food With Pot,Tell me a story about Florida women and a wedding gone wrong.
Sheriff has choice words for Florida man who recorded young girls in Walmart fitting room,Tell me a story about a Florida man and his inappropriate actions in a Walmart fitting room.
"Florida Woman Arrested In Stolen Car Delivering DoorDash Meal, Deputy Completes The Meal Run",Tell me a story about a Florida woman delivering DoorDash in a stolen car.
Florida Man Wanted For Recording Girls In Changing Room At Goodwill,Tell me a story about a Florida man and his disturbing activities at a Goodwill store.
"Florida Man, in Video Confession, Tells Police He Spent Weeks Living with Corpses of Wife and Children He Killed",Tell me a story about a Florida man and a horrifying secret.
Florida Man in serious condition after being shot multiple times outside Orlando strip club,Tell me a story about a Florida man and a strip club shooting.
Florida Man and Woman convicted sex offenders return to The Villages for Easter holiday,Tell me a story about Florida Man and Woman returning to The Villages for Easter holiday.
Florida Woman thought to have stuffed 93 year-old dead Mom in freezer,Tell me a story about a Florida woman and her deceased mother.
Florida Man arrested after allegedly stealing $50K Excavator,Tell me a story about a Florida man and a stolen excavator.
"Florida Man hit another man in the face with a vacuum cleaner, police say",Tell me a story about a Florida man and a vacuum cleaner.
"Florida Man Says ""Sorry About Your Luck"" When Confronted For Stealing Food",Tell me a story about a Florida man and his unusual apology for stealing food.
Florida man traps over 100 invasive tegu lizards,Tell me a story about a Florida man and invasive tegu lizards.
"Florida man guilty of killing wife, 3 kids and dog because he thought 'apocalypse was coming'",Tell me a story about a Florida man and his belief in the apocalypse.
"Florida Woman, TSA Officer Arrested For Faking Burglary Report Since She Was Late To Work",Tell me a story about a Florida woman and a fake burglary report.
Reddit FloridaMan Arrested and Booked for Being in Walmart naked in Tampa,Tell me a story about a Florida man and his unusual encounter at a Walmart in Tampa.
"Florida Man Runs Out Of Gas In Stolen Car While Fleeing Police, Gets A Stay At The ""Gold Star Hotel""",Tell me a story about a Florida man on the run from the police and his unexpected accommodation.
Florida man saved from burning car,Tell me a story about a heroic act involving a Florida man and a burning car.
Young Florida Man killed when teens wearing body armor take turns shooting each other in Florida,Tell me a story about a tragic incident involving young individuals and body armor in Florida.
Florida man on drugs kills child jogging alongside father on sidewalk,Tell me a story about a Florida man and a tragic incident involving drugs and a child.
Florida Man dies after crashing car into 11-foot alligator,Tell me a story about a Florida man and a deadly encounter with an alligator.
Sex offending Florida Man convicted of molesting Boy Scout ordered to move out of home near family pool in The Villages,Tell me a story about a Florida man and a Boy Scout.
Florida woman charged with child abuse after slapping 1-year-old,Tell me a story about a Florida woman and a child abuse incident.
